商品,日付,売価,販売数,天気
プランター,2024-07-01,1280,1,雨
除草剤,2024-07-01,980,3,雨
洗車シャンプー,2024-07-01,780,4,雨
BBQコンロ,2024-07-01,4980,2,雨
ブロッコリー,2024-07-01,158,3,雨
ホウレンソウ,2024-07-01,128,4,雨
キャンプグッズセット,2024-07-01,9800,1,雨
防災セット,2024-07-01,5980,4,雨
アイスクリーム,2024-07-01,180,18,雨
ホットコーヒー,2024-07-01,130,16,雨
傘,2024-07-01,980,17,雨
電動ドライバー,2024-07-01,6980,1,雨
脚立,2024-07-01,2980,6,雨
LED電球,2024-07-01,980,12,雨
カラーボックス,2024-07-01,1980,5,雨
トイレットペーパー,2024-07-01,398,14,雨
防カビ剤,2024-07-01,598,20,雨
軍手,2024-07-01,198,11,雨
扇風機,2024-07-01,3980,3,雨
掃除機,2024-07-01,12800,5,雨
プランター,2024-07-02,1280,15,曇り
除草剤,2024-07-02,980,9,曇り
洗車シャンプー,2024-07-02,780,12,曇り
BBQコンロ,2024-07-02,4980,8,曇り
ブロッコリー,2024-07-02,158,4,曇り
ホウレンソウ,2024-07-02,128,13,曇り
キャンプグッズセット,2024-07-02,9800,1,曇り
防災セット,2024-07-02,5980,2,曇り
アイスクリーム,2024-07-02,180,5,曇り
ホットコーヒー,2024-07-02,130,3,曇り
傘,2024-07-02,980,7,曇り
電動ドライバー,2024-07-02,6980,11,曇り
脚立,2024-07-02,2980,10,曇り
LED電球,2024-07-02,980,6,曇り
カラーボックス,2024-07-02,1980,4,曇り
トイレットペーパー,2024-07-02,398,15,曇り
防カビ剤,2024-07-02,598,2,曇り
軍手,2024-07-02,198,2,曇り
扇風機,2024-07-02,3980,7,曇り
掃除機,2024-07-02,12800,11,曇り
プランター,2024-07-03,1280,4,雨
除草剤,2024-07-03,980,3,雨
洗車シャンプー,2024-07-03,780,5,雨
BBQコンロ,2024-07-03,4980,2,雨
ブロッコリー,2024-07-03,158,9,雨
ホウレンソウ,2024-07-03,128,7,雨
キャンプグッズセット,2024-07-03,9800,1,雨
防災セット,2024-07-03,5980,1,雨
アイスクリーム,2024-07-03,180,1,雨
ホットコーヒー,2024-07-03,130,17,雨
傘,2024-07-03,980,10,雨
電動ドライバー,2024-07-03,6980,15,雨
脚立,2024-07-03,2980,13,雨
LED電球,2024-07-03,980,15,雨
カラーボックス,2024-07-03,1980,5,雨
トイレットペーパー,2024-07-03,398,15,雨
防カビ剤,2024-07-03,598,30,雨
軍手,2024-07-03,198,3,雨
扇風機,2024-07-03,3980,4,雨
掃除機,2024-07-03,12800,7,雨
プランター,2024-07-04,1280,7,晴れ
除草剤,2024-07-04,980,1,晴れ
洗車シャンプー,2024-07-04,780,17,晴れ
BBQコンロ,2024-07-04,4980,38,晴れ
ブロッコリー,2024-07-04,158,11,晴れ
ホウレンソウ,2024-07-04,128,8,晴れ
キャンプグッズセット,2024-07-04,9800,14,晴れ
防災セット,2024-07-04,5980,5,晴れ
アイスクリーム,2024-07-04,180,23,晴れ
ホットコーヒー,2024-07-04,130,6,晴れ
傘,2024-07-04,980,11,晴れ
電動ドライバー,2024-07-04,6980,13,晴れ
脚立,2024-07-04,2980,15,晴れ
LED電球,2024-07-04,980,6,晴れ
カラーボックス,2024-07-04,1980,9,晴れ
トイレットペーパー,2024-07-04,398,9,晴れ
防カビ剤,2024-07-04,598,9,晴れ
軍手,2024-07-04,198,4,晴れ
扇風機,2024-07-04,3980,24,晴れ
掃除機,2024-07-04,12800,6,晴れ
プランター,2024-07-05,1280,4,雨
除草剤,2024-07-05,980,4,雨
洗車シャンプー,2024-07-05,780,4,雨
BBQコンロ,2024-07-05,4980,5,雨
ブロッコリー,2024-07-05,158,4,雨
ホウレンソウ,2024-07-05,128,10,雨
キャンプグッズセット,2024-07-05,9800,5,雨
防災セット,2024-07-05,5980,10,雨
アイスクリーム,2024-07-05,180,1,雨
ホットコーヒー,2024-07-05,130,31,雨
傘,2024-07-05,980,29,雨
電動ドライバー,2024-07-05,6980,8,雨
脚立,2024-07-05,2980,8,雨
LED電球,2024-07-05,980,6,雨
カラーボックス,2024-07-05,1980,11,雨
トイレットペーパー,2024-07-05,398,4,雨
防カビ剤,2024-07-05,598,10,雨
軍手,2024-07-05,198,5,雨
扇風機,2024-07-05,3980,3,雨
掃除機,2024-07-05,12800,9,雨
プランター,2024-07-06,1280,7,晴れ
除草剤,2024-07-06,980,2,晴れ
洗車シャンプー,2024-07-06,780,35,晴れ
BBQコンロ,2024-07-06,4980,38,晴れ
ブロッコリー,2024-07-06,158,10,晴れ
ホウレンソウ,2024-07-06,128,5,晴れ
キャンプグッズセット,2024-07-06,9800,12,晴れ
防災セット,2024-07-06,5980,2,晴れ
アイスクリーム,2024-07-06,180,27,晴れ
ホットコーヒー,2024-07-06,130,9,晴れ
傘,2024-07-06,980,8,晴れ
電動ドライバー,2024-07-06,6980,1,晴れ
脚立,2024-07-06,2980,9,晴れ
LED電球,2024-07-06,980,1,晴れ
カラーボックス,2024-07-06,1980,6,晴れ
トイレットペーパー,2024-07-06,398,7,晴れ
防カビ剤,2024-07-06,598,9,晴れ
軍手,2024-07-06,198,8,晴れ
扇風機,2024-07-06,3980,37,晴れ
掃除機,2024-07-06,12800,9,晴れ
プランター,2024-07-07,1280,2,雨
除草剤,2024-07-07,980,5,雨
洗車シャンプー,2024-07-07,780,4,雨
BBQコンロ,2024-07-07,4980,1,雨
ブロッコリー,2024-07-07,158,8,雨
ホウレンソウ,2024-07-07,128,14,雨
キャンプグッズセット,2024-07-07,9800,4,雨
防災セット,2024-07-07,5980,4,雨
アイスクリーム,2024-07-07,180,1,雨
ホットコーヒー,2024-07-07,130,21,雨
傘,2024-07-07,980,19,雨
電動ドライバー,2024-07-07,6980,7,雨
脚立,2024-07-07,2980,2,雨
LED電球,2024-07-07,980,10,雨
カラーボックス,2024-07-07,1980,14,雨
トイレットペーパー,2024-07-07,398,13,雨
防カビ剤,2024-07-07,598,28,雨
軍手,2024-07-07,198,12,雨
扇風機,2024-07-07,3980,2,雨
掃除機,2024-07-07,12800,11,雨
プランター,2024-07-08,1280,6,曇り
除草剤,2024-07-08,980,4,曇り
洗車シャンプー,2024-07-08,780,11,曇り
BBQコンロ,2024-07-08,4980,9,曇り
ブロッコリー,2024-07-08,158,12,曇り
ホウレンソウ,2024-07-08,128,2,曇り
キャンプグッズセット,2024-07-08,9800,11,曇り
防災セット,2024-07-08,5980,7,曇り
アイスクリーム,2024-07-08,180,9,曇り
ホットコーヒー,2024-07-08,130,2,曇り
傘,2024-07-08,980,11,曇り
電動ドライバー,2024-07-08,6980,2,曇り
脚立,2024-07-08,2980,9,曇り
LED電球,2024-07-08,980,6,曇り
カラーボックス,2024-07-08,1980,2,曇り
トイレットペーパー,2024-07-08,398,5,曇り
防カビ剤,2024-07-08,598,2,曇り
軍手,2024-07-08,198,15,曇り
扇風機,2024-07-08,3980,5,曇り
掃除機,2024-07-08,12800,8,曇り
プランター,2024-07-09,1280,2,雨
除草剤,2024-07-09,980,5,雨
洗車シャンプー,2024-07-09,780,3,雨
BBQコンロ,2024-07-09,4980,4,雨
ブロッコリー,2024-07-09,158,6,雨
ホウレンソウ,2024-07-09,128,12,雨
キャンプグッズセット,2024-07-09,9800,4,雨
防災セット,2024-07-09,5980,8,雨
アイスクリーム,2024-07-09,180,2,雨
ホットコーヒー,2024-07-09,130,29,雨
傘,2024-07-09,980,11,雨
電動ドライバー,2024-07-09,6980,14,雨
脚立,2024-07-09,2980,9,雨
LED電球,2024-07-09,980,10,雨
カラーボックス,2024-07-09,1980,14,雨
トイレットペーパー,2024-07-09,398,2,雨
防カビ剤,2024-07-09,598,25,雨
軍手,2024-07-09,198,8,雨
扇風機,2024-07-09,3980,3,雨
掃除機,2024-07-09,12800,6,雨
プランター,2024-07-10,1280,6,晴れ
除草剤,2024-07-10,980,13,晴れ
洗車シャンプー,2024-07-10,780,13,晴れ
BBQコンロ,2024-07-10,4980,38,晴れ
ブロッコリー,2024-07-10,158,14,晴れ
ホウレンソウ,2024-07-10,128,11,晴れ
キャンプグッズセット,2024-07-10,9800,12,晴れ
防災セット,2024-07-10,5980,4,晴れ
アイスクリーム,2024-07-10,180,35,晴れ
ホットコーヒー,2024-07-10,130,2,晴れ
傘,2024-07-10,980,5,晴れ
電動ドライバー,2024-07-10,6980,10,晴れ
脚立,2024-07-10,2980,11,晴れ
LED電球,2024-07-10,980,13,晴れ
カラーボックス,2024-07-10,1980,6,晴れ
トイレットペーパー,2024-07-10,398,3,晴れ
防カビ剤,2024-07-10,598,13,晴れ
軍手,2024-07-10,198,13,晴れ
扇風機,2024-07-10,3980,36,晴れ
掃除機,2024-07-10,12800,4,晴れ
プランター,2024-07-11,1280,3,曇り
除草剤,2024-07-11,980,15,曇り
洗車シャンプー,2024-07-11,780,9,曇り
BBQコンロ,2024-07-11,4980,13,曇り
ブロッコリー,2024-07-11,158,14,曇り
ホウレンソウ,2024-07-11,128,6,曇り
キャンプグッズセット,2024-07-11,9800,10,曇り
防災セット,2024-07-11,5980,14,曇り
アイスクリーム,2024-07-11,180,9,曇り
ホットコーヒー,2024-07-11,130,9,曇り
傘,2024-07-11,980,8,曇り
電動ドライバー,2024-07-11,6980,12,曇り
脚立,2024-07-11,2980,10,曇り
LED電球,2024-07-11,980,2,曇り
カラーボックス,2024-07-11,1980,10,曇り
トイレットペーパー,2024-07-11,398,7,曇り
防カビ剤,2024-07-11,598,4,曇り
軍手,2024-07-11,198,8,曇り
扇風機,2024-07-11,3980,12,曇り
掃除機,2024-07-11,12800,11,曇り
プランター,2024-07-12,1280,4,雨
除草剤,2024-07-12,980,2,雨
洗車シャンプー,2024-07-12,780,5,雨
BBQコンロ,2024-07-12,4980,2,雨
ブロッコリー,2024-07-12,158,10,雨
ホウレンソウ,2024-07-12,128,14,雨
キャンプグッズセット,2024-07-12,9800,3,雨
防災セット,2024-07-12,5980,3,雨
アイスクリーム,2024-07-12,180,1,雨
ホットコーヒー,2024-07-12,130,13,雨
傘,2024-07-12,980,28,雨
電動ドライバー,2024-07-12,6980,8,雨
脚立,2024-07-12,2980,8,雨
LED電球,2024-07-12,980,5,雨
カラーボックス,2024-07-12,1980,9,雨
トイレットペーパー,2024-07-12,398,8,雨
防カビ剤,2024-07-12,598,22,雨
軍手,2024-07-12,198,8,雨
扇風機,2024-07-12,3980,1,雨
掃除機,2024-07-12,12800,4,雨
プランター,2024-07-13,1280,2,雨
除草剤,2024-07-13,980,1,雨
洗車シャンプー,2024-07-13,780,3,雨
BBQコンロ,2024-07-13,4980,5,雨
ブロッコリー,2024-07-13,158,6,雨
ホウレンソウ,2024-07-13,128,6,雨
キャンプグッズセット,2024-07-13,9800,5,雨
防災セット,2024-07-13,5980,5,雨
アイスクリーム,2024-07-13,180,5,雨
ホットコーヒー,2024-07-13,130,22,雨
傘,2024-07-13,980,20,雨
電動ドライバー,2024-07-13,6980,1,雨
脚立,2024-07-13,2980,6,雨
LED電球,2024-07-13,980,11,雨
カラーボックス,2024-07-13,1980,7,雨
トイレットペーパー,2024-07-13,398,7,雨
防カビ剤,2024-07-13,598,30,雨
軍手,2024-07-13,198,1,雨
扇風機,2024-07-13,3980,4,雨
掃除機,2024-07-13,12800,2,雨
プランター,2024-07-14,1280,4,雨
除草剤,2024-07-14,980,4,雨
洗車シャンプー,2024-07-14,780,3,雨
BBQコンロ,2024-07-14,4980,4,雨
ブロッコリー,2024-07-14,158,3,雨
ホウレンソウ,2024-07-14,128,14,雨
キャンプグッズセット,2024-07-14,9800,1,雨
防災セット,2024-07-14,5980,2,雨
アイスクリーム,2024-07-14,180,1,雨
ホットコーヒー,2024-07-14,130,18,雨
傘,2024-07-14,980,20,雨
電動ドライバー,2024-07-14,6980,4,雨
脚立,2024-07-14,2980,14,雨
LED電球,2024-07-14,980,3,雨
カラーボックス,2024-07-14,1980,11,雨
トイレットペーパー,2024-07-14,398,1,雨
防カビ剤,2024-07-14,598,20,雨
軍手,2024-07-14,198,9,雨
扇風機,2024-07-14,3980,1,雨
掃除機,2024-07-14,12800,13,雨
プランター,2024-07-15,1280,4,雨
除草剤,2024-07-15,980,1,雨
洗車シャンプー,2024-07-15,780,5,雨
BBQコンロ,2024-07-15,4980,4,雨
ブロッコリー,2024-07-15,158,8,雨
ホウレンソウ,2024-07-15,128,8,雨
キャンプグッズセット,2024-07-15,9800,3,雨
防災セット,2024-07-15,5980,12,雨
アイスクリーム,2024-07-15,180,4,雨
ホットコーヒー,2024-07-15,130,27,雨
傘,2024-07-15,980,21,雨
電動ドライバー,2024-07-15,6980,12,雨
脚立,2024-07-15,2980,1,雨
LED電球,2024-07-15,980,3,雨
カラーボックス,2024-07-15,1980,13,雨
トイレットペーパー,2024-07-15,398,4,雨
防カビ剤,2024-07-15,598,15,雨
軍手,2024-07-15,198,6,雨
扇風機,2024-07-15,3980,5,雨
掃除機,2024-07-15,12800,12,雨
プランター,2024-07-16,1280,7,曇り
除草剤,2024-07-16,980,7,曇り
洗車シャンプー,2024-07-16,780,2,曇り
BBQコンロ,2024-07-16,4980,12,曇り
ブロッコリー,2024-07-16,158,6,曇り
ホウレンソウ,2024-07-16,128,4,曇り
キャンプグッズセット,2024-07-16,9800,11,曇り
防災セット,2024-07-16,5980,3,曇り
アイスクリーム,2024-07-16,180,10,曇り
ホットコーヒー,2024-07-16,130,4,曇り
傘,2024-07-16,980,10,曇り
電動ドライバー,2024-07-16,6980,9,曇り
脚立,2024-07-16,2980,6,曇り
LED電球,2024-07-16,980,8,曇り
カラーボックス,2024-07-16,1980,10,曇り
トイレットペーパー,2024-07-16,398,12,曇り
防カビ剤,2024-07-16,598,9,曇り
軍手,2024-07-16,198,12,曇り
扇風機,2024-07-16,3980,7,曇り
掃除機,2024-07-16,12800,2,曇り
プランター,2024-07-17,1280,6,晴れ
除草剤,2024-07-17,980,2,晴れ
洗車シャンプー,2024-07-17,780,32,晴れ
BBQコンロ,2024-07-17,4980,23,晴れ
ブロッコリー,2024-07-17,158,12,晴れ
ホウレンソウ,2024-07-17,128,8,晴れ
キャンプグッズセット,2024-07-17,9800,2,晴れ
防災セット,2024-07-17,5980,5,晴れ
アイスクリーム,2024-07-17,180,28,晴れ
ホットコーヒー,2024-07-17,130,13,晴れ
傘,2024-07-17,980,8,晴れ
電動ドライバー,2024-07-17,6980,12,晴れ
脚立,2024-07-17,2980,9,晴れ
LED電球,2024-07-17,980,1,晴れ
カラーボックス,2024-07-17,1980,10,晴れ
トイレットペーパー,2024-07-17,398,5,晴れ
防カビ剤,2024-07-17,598,8,晴れ
軍手,2024-07-17,198,4,晴れ
扇風機,2024-07-17,3980,16,晴れ
掃除機,2024-07-17,12800,10,晴れ
プランター,2024-07-18,1280,2,晴れ
除草剤,2024-07-18,980,4,晴れ
洗車シャンプー,2024-07-18,780,40,晴れ
BBQコンロ,2024-07-18,4980,41,晴れ
ブロッコリー,2024-07-18,158,15,晴れ
ホウレンソウ,2024-07-18,128,2,晴れ
キャンプグッズセット,2024-07-18,9800,11,晴れ
防災セット,2024-07-18,5980,15,晴れ
アイスクリーム,2024-07-18,180,25,晴れ
ホットコーヒー,2024-07-18,130,5,晴れ
傘,2024-07-18,980,3,晴れ
電動ドライバー,2024-07-18,6980,14,晴れ
脚立,2024-07-18,2980,12,晴れ
LED電球,2024-07-18,980,6,晴れ
カラーボックス,2024-07-18,1980,8,晴れ
トイレットペーパー,2024-07-18,398,14,晴れ
防カビ剤,2024-07-18,598,9,晴れ
軍手,2024-07-18,198,15,晴れ
扇風機,2024-07-18,3980,27,晴れ
掃除機,2024-07-18,12800,9,晴れ
プランター,2024-07-19,1280,10,晴れ
除草剤,2024-07-19,980,14,晴れ
洗車シャンプー,2024-07-19,780,39,晴れ
BBQコンロ,2024-07-19,4980,12,晴れ
ブロッコリー,2024-07-19,158,12,晴れ
ホウレンソウ,2024-07-19,128,10,晴れ
キャンプグッズセット,2024-07-19,9800,5,晴れ
防災セット,2024-07-19,5980,1,晴れ
アイスクリーム,2024-07-19,180,36,晴れ
ホットコーヒー,2024-07-19,130,2,晴れ
傘,2024-07-19,980,12,晴れ
電動ドライバー,2024-07-19,6980,6,晴れ
脚立,2024-07-19,2980,15,晴れ
LED電球,2024-07-19,980,1,晴れ
カラーボックス,2024-07-19,1980,7,晴れ
トイレットペーパー,2024-07-19,398,14,晴れ
防カビ剤,2024-07-19,598,13,晴れ
軍手,2024-07-19,198,6,晴れ
扇風機,2024-07-19,3980,25,晴れ
掃除機,2024-07-19,12800,11,晴れ
プランター,2024-07-20,1280,5,曇り
除草剤,2024-07-20,980,7,曇り
洗車シャンプー,2024-07-20,780,11,曇り
BBQコンロ,2024-07-20,4980,3,曇り
ブロッコリー,2024-07-20,158,9,曇り
ホウレンソウ,2024-07-20,128,2,曇り
キャンプグッズセット,2024-07-20,9800,6,曇り
防災セット,2024-07-20,5980,11,曇り
アイスクリーム,2024-07-20,180,3,曇り
ホットコーヒー,2024-07-20,130,14,曇り
傘,2024-07-20,980,5,曇り
電動ドライバー,2024-07-20,6980,5,曇り
脚立,2024-07-20,2980,5,曇り
LED電球,2024-07-20,980,14,曇り
カラーボックス,2024-07-20,1980,6,曇り
トイレットペーパー,2024-07-20,398,6,曇り
防カビ剤,2024-07-20,598,10,曇り
軍手,2024-07-20,198,15,曇り
扇風機,2024-07-20,3980,4,曇り
掃除機,2024-07-20,12800,7,曇り
プランター,2024-07-21,1280,13,晴れ
除草剤,2024-07-21,980,14,晴れ
洗車シャンプー,2024-07-21,780,20,晴れ
BBQコンロ,2024-07-21,4980,27,晴れ
ブロッコリー,2024-07-21,158,14,晴れ
ホウレンソウ,2024-07-21,128,13,晴れ
キャンプグッズセット,2024-07-21,9800,6,晴れ
防災セット,2024-07-21,5980,1,晴れ
アイスクリーム,2024-07-21,180,25,晴れ
ホットコーヒー,2024-07-21,130,1,晴れ
傘,2024-07-21,980,9,晴れ
電動ドライバー,2024-07-21,6980,11,晴れ
脚立,2024-07-21,2980,7,晴れ
LED電球,2024-07-21,980,10,晴れ
カラーボックス,2024-07-21,1980,9,晴れ
トイレットペーパー,2024-07-21,398,14,晴れ
防カビ剤,2024-07-21,598,14,晴れ
軍手,2024-07-21,198,7,晴れ
扇風機,2024-07-21,3980,26,晴れ
掃除機,2024-07-21,12800,11,晴れ
プランター,2024-07-22,1280,4,雨
除草剤,2024-07-22,980,2,雨
洗車シャンプー,2024-07-22,780,4,雨
BBQコンロ,2024-07-22,4980,4,雨
ブロッコリー,2024-07-22,158,8,雨
ホウレンソウ,2024-07-22,128,4,雨
キャンプグッズセット,2024-07-22,9800,5,雨
防災セット,2024-07-22,5980,15,雨
アイスクリーム,2024-07-22,180,4,雨
ホットコーヒー,2024-07-22,130,18,雨
傘,2024-07-22,980,27,雨
電動ドライバー,2024-07-22,6980,8,雨
脚立,2024-07-22,2980,3,雨
LED電球,2024-07-22,980,12,雨
カラーボックス,2024-07-22,1980,6,雨
トイレットペーパー,2024-07-22,398,8,雨
防カビ剤,2024-07-22,598,20,雨
軍手,2024-07-22,198,10,雨
扇風機,2024-07-22,3980,4,雨
掃除機,2024-07-22,12800,2,雨
プランター,2024-07-23,1280,12,曇り
除草剤,2024-07-23,980,9,曇り
洗車シャンプー,2024-07-23,780,3,曇り
BBQコンロ,2024-07-23,4980,1,曇り
ブロッコリー,2024-07-23,158,15,曇り
ホウレンソウ,2024-07-23,128,1,曇り
キャンプグッズセット,2024-07-23,9800,8,曇り
防災セット,2024-07-23,5980,14,曇り
アイスクリーム,2024-07-23,180,7,曇り
ホットコーヒー,2024-07-23,130,8,曇り
傘,2024-07-23,980,13,曇り
電動ドライバー,2024-07-23,6980,12,曇り
脚立,2024-07-23,2980,1,曇り
LED電球,2024-07-23,980,3,曇り
カラーボックス,2024-07-23,1980,1,曇り
トイレットペーパー,2024-07-23,398,3,曇り
防カビ剤,2024-07-23,598,3,曇り
軍手,2024-07-23,198,9,曇り
扇風機,2024-07-23,3980,14,曇り
掃除機,2024-07-23,12800,14,曇り
プランター,2024-07-24,1280,12,曇り
除草剤,2024-07-24,980,4,曇り
洗車シャンプー,2024-07-24,780,4,曇り
BBQコンロ,2024-07-24,4980,7,曇り
ブロッコリー,2024-07-24,158,8,曇り
ホウレンソウ,2024-07-24,128,12,曇り
キャンプグッズセット,2024-07-24,9800,15,曇り
防災セット,2024-07-24,5980,5,曇り
アイスクリーム,2024-07-24,180,10,曇り
ホットコーヒー,2024-07-24,130,5,曇り
傘,2024-07-24,980,1,曇り
電動ドライバー,2024-07-24,6980,11,曇り
脚立,2024-07-24,2980,12,曇り
LED電球,2024-07-24,980,2,曇り
カラーボックス,2024-07-24,1980,5,曇り
トイレットペーパー,2024-07-24,398,3,曇り
防カビ剤,2024-07-24,598,12,曇り
軍手,2024-07-24,198,7,曇り
扇風機,2024-07-24,3980,4,曇り
掃除機,2024-07-24,12800,14,曇り
プランター,2024-07-25,1280,9,晴れ
除草剤,2024-07-25,980,2,晴れ
洗車シャンプー,2024-07-25,780,25,晴れ
BBQコンロ,2024-07-25,4980,43,晴れ
ブロッコリー,2024-07-25,158,6,晴れ
ホウレンソウ,2024-07-25,128,9,晴れ
キャンプグッズセット,2024-07-25,9800,13,晴れ
防災セット,2024-07-25,5980,15,晴れ
アイスクリーム,2024-07-25,180,23,晴れ
ホットコーヒー,2024-07-25,130,10,晴れ
傘,2024-07-25,980,6,晴れ
電動ドライバー,2024-07-25,6980,11,晴れ
脚立,2024-07-25,2980,6,晴れ
LED電球,2024-07-25,980,9,晴れ
カラーボックス,2024-07-25,1980,4,晴れ
トイレットペーパー,2024-07-25,398,2,晴れ
防カビ剤,2024-07-25,598,2,晴れ
軍手,2024-07-25,198,5,晴れ
扇風機,2024-07-25,3980,37,晴れ
掃除機,2024-07-25,12800,11,晴れ
プランター,2024-07-26,1280,10,晴れ
除草剤,2024-07-26,980,3,晴れ
洗車シャンプー,2024-07-26,780,34,晴れ
BBQコンロ,2024-07-26,4980,31,晴れ
ブロッコリー,2024-07-26,158,2,晴れ
ホウレンソウ,2024-07-26,128,6,晴れ
キャンプグッズセット,2024-07-26,9800,5,晴れ
防災セット,2024-07-26,5980,9,晴れ
アイスクリーム,2024-07-26,180,37,晴れ
ホットコーヒー,2024-07-26,130,2,晴れ
傘,2024-07-26,980,4,晴れ
電動ドライバー,2024-07-26,6980,8,晴れ
脚立,2024-07-26,2980,12,晴れ
LED電球,2024-07-26,980,14,晴れ
カラーボックス,2024-07-26,1980,1,晴れ
トイレットペーパー,2024-07-26,398,2,晴れ
防カビ剤,2024-07-26,598,14,晴れ
軍手,2024-07-26,198,7,晴れ
扇風機,2024-07-26,3980,28,晴れ
掃除機,2024-07-26,12800,2,晴れ
プランター,2024-07-27,1280,14,曇り
除草剤,2024-07-27,980,4,曇り
洗車シャンプー,2024-07-27,780,13,曇り
BBQコンロ,2024-07-27,4980,11,曇り
ブロッコリー,2024-07-27,158,11,曇り
ホウレンソウ,2024-07-27,128,3,曇り
キャンプグッズセット,2024-07-27,9800,2,曇り
防災セット,2024-07-27,5980,12,曇り
アイスクリーム,2024-07-27,180,6,曇り
ホットコーヒー,2024-07-27,130,14,曇り
傘,2024-07-27,980,2,曇り
電動ドライバー,2024-07-27,6980,2,曇り
脚立,2024-07-27,2980,4,曇り
LED電球,2024-07-27,980,6,曇り
カラーボックス,2024-07-27,1980,2,曇り
トイレットペーパー,2024-07-27,398,6,曇り
防カビ剤,2024-07-27,598,4,曇り
軍手,2024-07-27,198,8,曇り
扇風機,2024-07-27,3980,7,曇り
掃除機,2024-07-27,12800,9,曇り
プランター,2024-07-28,1280,3,曇り
除草剤,2024-07-28,980,11,曇り
洗車シャンプー,2024-07-28,780,8,曇り
BBQコンロ,2024-07-28,4980,15,曇り
ブロッコリー,2024-07-28,158,6,曇り
ホウレンソウ,2024-07-28,128,10,曇り
キャンプグッズセット,2024-07-28,9800,6,曇り
防災セット,2024-07-28,5980,9,曇り
アイスクリーム,2024-07-28,180,4,曇り
ホットコーヒー,2024-07-28,130,3,曇り
傘,2024-07-28,980,13,曇り
電動ドライバー,2024-07-28,6980,2,曇り
脚立,2024-07-28,2980,3,曇り
LED電球,2024-07-28,980,7,曇り
カラーボックス,2024-07-28,1980,7,曇り
トイレットペーパー,2024-07-28,398,2,曇り
防カビ剤,2024-07-28,598,11,曇り
軍手,2024-07-28,198,9,曇り
扇風機,2024-07-28,3980,14,曇り
掃除機,2024-07-28,12800,10,曇り
プランター,2024-07-29,1280,15,晴れ
除草剤,2024-07-29,980,13,晴れ
洗車シャンプー,2024-07-29,780,28,晴れ
BBQコンロ,2024-07-29,4980,31,晴れ
ブロッコリー,2024-07-29,158,14,晴れ
ホウレンソウ,2024-07-29,128,5,晴れ
キャンプグッズセット,2024-07-29,9800,13,晴れ
防災セット,2024-07-29,5980,2,晴れ
アイスクリーム,2024-07-29,180,26,晴れ
ホットコーヒー,2024-07-29,130,10,晴れ
傘,2024-07-29,980,7,晴れ
電動ドライバー,2024-07-29,6980,1,晴れ
脚立,2024-07-29,2980,14,晴れ
LED電球,2024-07-29,980,1,晴れ
カラーボックス,2024-07-29,1980,7,晴れ
トイレットペーパー,2024-07-29,398,12,晴れ
防カビ剤,2024-07-29,598,4,晴れ
軍手,2024-07-29,198,3,晴れ
扇風機,2024-07-29,3980,27,晴れ
掃除機,2024-07-29,12800,9,晴れ
プランター,2024-07-30,1280,5,曇り
除草剤,2024-07-30,980,13,曇り
洗車シャンプー,2024-07-30,780,5,曇り
BBQコンロ,2024-07-30,4980,6,曇り
ブロッコリー,2024-07-30,158,5,曇り
ホウレンソウ,2024-07-30,128,12,曇り
キャンプグッズセット,2024-07-30,9800,4,曇り
防災セット,2024-07-30,5980,11,曇り
アイスクリーム,2024-07-30,180,4,曇り
ホットコーヒー,2024-07-30,130,3,曇り
傘,2024-07-30,980,11,曇り
電動ドライバー,2024-07-30,6980,15,曇り
脚立,2024-07-30,2980,8,曇り
LED電球,2024-07-30,980,1,曇り
カラーボックス,2024-07-30,1980,13,曇り
トイレットペーパー,2024-07-30,398,1,曇り
防カビ剤,2024-07-30,598,9,曇り
軍手,2024-07-30,198,9,曇り
扇風機,2024-07-30,3980,4,曇り
掃除機,2024-07-30,12800,12,曇り